{"0.8786419059041464":{"user_id":2},"0.09862151719910583":{"user_id":2},"0.5055773820424136":{"user_id":2},"0.9124959548558675":{"user_id":2},"0.764840538257439":{"user_id":2}}